product_no,product_name,product_type,weight_g,labor_fee,margin_rate
13747570825,[이스투아] 24K 순금 한돈 사각 큐브 컷팅 반지 3.75g 데일리 심플,순금,3.75,50000.0,0.065
13745312731,[이스투아] 24K 순금 한돈 행운의 물고기 컷팅볼 두줄 반지 3.75g,순금,3.75,45000.0,0.065
13738822883,[이스투아] 14K 18K 클래식 밀그레인 레이어드 큐빅 랩다이아 가드링,14K/18K,2.06,45000.0,0.1
13738797643,[이스투아] 14K 18K 클래식 밀그레인 큐빅 랩다이아 커플링,14K/18K,2.06,55000.0,0.18
13733812811,[이스투아] 14K 18K 링크 스퀘어 투웨이 팔찌,14K/18K,10.96,65000.0,0.2
13729606299,[이스투아] 14K 18K 꼬냑SV 라운드 심플 실팔찌 레이어드,14K/18K,1.63,55000.0,0.23
13728339780,[이스투아] 14K 18K 티어드롭 큐빅 골드볼 반지,14K/18K,2.32,55000.0,0.2
13725059058,[이스투아] 14K 18K 골드볼 라운드 스터드 귀걸이,14K/18K,1.91,45000.0,0.12
13724043683,[이스투아] 14K 18K 사각 큐빅 스터드 귀걸이,14K/18K,1.56,45000.0,0.1
13723187717,[이스투아] 14K 18K 스퀘어 큐빅 밴드 커플링,14K/18K,2.72,55000.0,0.17
13722144551,[이스투아] 14K 18K 사선 컷팅 슬림 밴드 커플링,14K/18K,3.05,65000.0,0.1
13720172310,[이스투아] 14K 18K 골든볼 링 포인트 체인 목걸이,14K/18K,3.95,60000.0,0.14
13719228571,[이스투아] 14K 18K 원통형 큐빅 펜던트 목걸이,14K/18K,2.24,55000.0,0.25
13718766165,[이스투아] 14K 18K 진주 롱 체인 드롭 귀걸이,14K/18K,2.97,60000.0,0.15
13717548761,[이스투아] 14K 18K 듀오 볼 포인트 체인 팔찌,14K/18K,2.96,60000.0,0.25
13715611521,[이스투아] 한국올림픽금거래소 24K 99.9% 3.75g (한돈) 골드바 순금바 순금 투자형 금테크 상견례 금선물,순금,3.75,15000.0,0.01
13700951717,[이스투아] 한국올림픽금거래소 24K 순금 99.9% 37.5g (열돈) 골드바 순금바 순금 투자형 금테크 상견례 금선물,순금,37.5,45000.0,0.01
13695094362,[이스투아] 24K 순금 99.9% 꽃다발 케이크 골드바 부모님 생일 어버이날 환갑 칠순 돌선물 기념일,순금,0.2,20000.0,0.1
13682572943,[이스투아] 14K 18K 리오라 스테이션 목걸이,14K/18K,2.42,45000.0,0.25
13682429648,[이스투아] 14K 18K 헤리티지 시그넷 커플링,14K/18K,4.33,65000.0,0.2
13682423388,[이스투아] 14K 18K 이터널 라인 커플링,14K/18K,4.69,70000.0,0.25
13682413551,[이스투아] 14K 18K 루미에 크로스 커플링,14K/18K,4.22,70000.0,0.25
13680863654,[이스투아] 14K 18K 월계수 앤틱 밴드라인 커플링,14K/18K,2.13,65000.0,0.31
11814550845,[이스투아] 14K 빈티지 벨라쥬 테니스 팔찌,14K/18K,6.29,120000.0,0.25
11806732154,[이스투아] 14K 행운의 물고기 반지,14K/18K,2.1,35000.0,0.15
11806279658,[이스투아] 14K 저중량 글리터 컷팅 반지,14K/18K,1.7,35000.0,0.2
11788108521,[이스투아] 14K 세레느 샹달 목걸이,14K/18K,2.9,45000.0,0.2
11784723442,[이스투아] 14K 벨루아 반지,14K/18K,3.56,50000.0,0.2
11771467788,[이스투아] 14K 리브 샹달 볼륨 명품반지 뺑돌,14K/18K,3.31,45000.0,0.18
11768432891,[이스투아] 14K 끌레르 보뇌흐 세잎 클로버 목걸이,14K/18K,5.2,75000.0,0.12
11768174293,[이스투아] 14K 구뜨 볼드 할로우 귀걸이,14K/18K,2.45,35000.0,0.08
11763214753,[이스투아] 14K 플레르 드 비 목걸이 (이니셜 변경 가능),14K/18K,2.36,45000.0,0.1
11738815488,[이스투아] 14K 세렌디아 열쇠 레이어드 팬던트 목걸이,14K/18K,5.22,80000.0,0.15
11732490240,[이스투아] 24K 순금 로열 크로스 7.5g (두돈)반지,순금,7.5,65000.0,0.06
11732324123,[이스투아] 14K 골드 꼬임 크루아 귀걸이,14K/18K,1.7,45000.0,0.18
11730826623,[이스투아] 14K 모아 리프 목걸이,14K/18K,1.91,45000.0,0.2
11721910772,[이스투아] 14K 하모니 커플링 스지반지,14K/18K,1.65,45000.0,0.2
11716057508,[이스투아] 14K 노디아 뱅글 매듭 팔찌,14K/18K,10.83,75000.0,0.14
11681579950,[이스투아] 14K 마레 소라 링 반지,14K/18K,3.41,55000.0,0.15
11667993195,[이스투아] 14K 리앙 매듭 링 반지,14K/18K,2.1,45000.0,0.15
11658583691,[이스투아] 14K 골드 블랙 러프 다이아 귀걸이,14K/18K,1.55,65000.0,0.35
11645117788,[이스투아] 14K 골드 플로럴 테니스 팔찌 (꼬냑 다이아),14K/18K,8.4,120000.0,0.2
11623735333,[이스투아] 14K 골드 물방울 이어링 귀걸이,14K/18K,1.78,35000.0,0.23
11605419385,[이스투아] 14K 에뚜왈 뱅글 팔찌,순금,2.58,55000.0,0.2
11590455552,[이스투아] 14K 커넬리언 천연 자만옥 귀걸이,14K/18K,3.25,75000.0,0.2
11586364853,[이스투아] 14K 블랙 스피넬 십자가 목걸이,14K/18K,1.6,55000.0,0.25
11577508001,[이스투아] 14K 오파루스 실레마 목걸이,14K/18K,2.01,55000.0,0.28
11574448458,[이스투아] 14K 바스켓 위브 & 이터니티 링,14K/18K,1.75,55000.0,0.28
11574076557,"[이스투아] 14K,18K 우드 그레인 나무결 반지",14K/18K,3.65,60000.0,0.21
11418431370,[이스투아] 14K 레인보우 문스톤 6월 탄생석 목걸이,14K/18K,3.3,65000.0,0.2
11403979360,[이스투아] 14K/18K 큐빅 크로스 밴드 레이어드 링,14K/18K,2.6,85000.0,0.3
11401272958,[이스투아] 14K 큐빅 이터니티 & 샌드 스지 가드 링,14K/18K,2.6,75000.0,0.2
11398632893,"[이스투아] 14K,18K 큐빅/랩다이아 레이어드 가드링",14K/18K,2.16,55000.0,0.35
11345645319,[이스투아] 24K 원통형 링 3.75g 목걸이,순금,3.75,65000.0,0.1
11339045573,"[이스투아] 14K 원터치 자만옥, 오닉스 천연석 귀걸이",14K/18K,1.8,55000.0,0.25
11335120302,"[이스투아] 24K 월계수 반지 7.5g, 3.75g 반지",순금,3.75,65000.0,0.04
11282018991,[이스투아] 24K 물결 웨이브 3.75g (한돈)반지,순금,3.75,65000.0,0.04
11274290619,[이스투아] 24K 행운나무 3.75g 팬던트 목걸이,순금,3.75,65000.0,0.045
11273942681,"[이스투아] 14K, 18k 데일리 볼 뱅글 빼를리 팔찌",14K/18K,7.8,65000.0,0.2
11272020439,[이스투아] 24K 순금 돌고래 3.75g (한돈) 반지,순금,3.75,55000.0,0.045
11270985537,"[이스투아] 14K, 18K 할로우 미스 컷팅 트위스트 세로줄 , 저중량 금반지",14K/18K,0.8,35000.0,0.3
